pid,fname,tb
0001,MCUCXR_0001_0.png,0
0002,MCUCXR_0002_0.png,0
0003,MCUCXR_0003_0.png,0
0004,MCUCXR_0004_0.png,0
0005,MCUCXR_0005_0.png,0
0006,MCUCXR_0006_0.png,0
0008,MCUCXR_0008_0.png,0
0011,MCUCXR_0011_0.png,0
0013,MCUCXR_0013_0.png,0
0015,MCUCXR_0015_0.png,0
0016,MCUCXR_0016_0.png,0
0017,MCUCXR_0017_0.png,0
0019,MCUCXR_0019_0.png,0
0020,MCUCXR_0020_0.png,0
0021,MCUCXR_0021_0.png,0
0022,MCUCXR_0022_0.png,0
0023,MCUCXR_0023_0.png,0
0024,MCUCXR_0024_0.png,0
0026,MCUCXR_0026_0.png,0
0027,MCUCXR_0027_0.png,0
0028,MCUCXR_0028_0.png,0
0029,MCUCXR_0029_0.png,0
0030,MCUCXR_0030_0.png,0
0031,MCUCXR_0031_0.png,0
0035,MCUCXR_0035_0.png,0
0038,MCUCXR_0038_0.png,0
0040,MCUCXR_0040_0.png,0
0041,MCUCXR_0041_0.png,0
0042,MCUCXR_0042_0.png,0
0043,MCUCXR_0043_0.png,0
0044,MCUCXR_0044_0.png,0
0045,MCUCXR_0045_0.png,0
0046,MCUCXR_0046_0.png,0
0047,MCUCXR_0047_0.png,0
0048,MCUCXR_0048_0.png,0
0049,MCUCXR_0049_0.png,0
0051,MCUCXR_0051_0.png,0
0052,MCUCXR_0052_0.png,0
0053,MCUCXR_0053_0.png,0
0054,MCUCXR_0054_0.png,0
0055,MCUCXR_0055_0.png,0
0056,MCUCXR_0056_0.png,0
0057,MCUCXR_0057_0.png,0
0058,MCUCXR_0058_0.png,0
0059,MCUCXR_0059_0.png,0
0060,MCUCXR_0060_0.png,0
0061,MCUCXR_0061_0.png,0
0062,MCUCXR_0062_0.png,0
0063,MCUCXR_0063_0.png,0
0064,MCUCXR_0064_0.png,0
0068,MCUCXR_0068_0.png,0
0069,MCUCXR_0069_0.png,0
0070,MCUCXR_0070_0.png,0
0071,MCUCXR_0071_0.png,0
0072,MCUCXR_0072_0.png,0
0074,MCUCXR_0074_0.png,0
0075,MCUCXR_0075_0.png,0
0077,MCUCXR_0077_0.png,0
0079,MCUCXR_0079_0.png,0
0080,MCUCXR_0080_0.png,0
0081,MCUCXR_0081_0.png,0
0082,MCUCXR_0082_0.png,0
0083,MCUCXR_0083_0.png,0
0084,MCUCXR_0084_0.png,0
0085,MCUCXR_0085_0.png,0
0086,MCUCXR_0086_0.png,0
0087,MCUCXR_0087_0.png,0
0089,MCUCXR_0089_0.png,0
0090,MCUCXR_0090_0.png,0
0091,MCUCXR_0091_0.png,0
0092,MCUCXR_0092_0.png,0
0094,MCUCXR_0094_0.png,0
0095,MCUCXR_0095_0.png,0
0096,MCUCXR_0096_0.png,0
0097,MCUCXR_0097_0.png,0
0099,MCUCXR_0099_0.png,0
0100,MCUCXR_0100_0.png,0
0101,MCUCXR_0101_0.png,0
0102,MCUCXR_0102_0.png,0
0103,MCUCXR_0103_0.png,0
0104,MCUCXR_0104_1.png,1
0108,MCUCXR_0108_1.png,1
0113,MCUCXR_0113_1.png,1
0117,MCUCXR_0117_1.png,1
0126,MCUCXR_0126_1.png,1
0140,MCUCXR_0140_1.png,1
0141,MCUCXR_0141_1.png,1
0142,MCUCXR_0142_1.png,1
0144,MCUCXR_0144_1.png,1
0150,MCUCXR_0150_1.png,1
0162,MCUCXR_0162_1.png,1
0166,MCUCXR_0166_1.png,1
0170,MCUCXR_0170_1.png,1
0173,MCUCXR_0173_1.png,1
0182,MCUCXR_0182_1.png,1
0188,MCUCXR_0188_1.png,1
0194,MCUCXR_0194_1.png,1
0195,MCUCXR_0195_1.png,1
0196,MCUCXR_0196_1.png,1
0203,MCUCXR_0203_1.png,1
0213,MCUCXR_0213_1.png,1
0218,MCUCXR_0218_1.png,1
0223,MCUCXR_0223_1.png,1
0228,MCUCXR_0228_1.png,1
0243,MCUCXR_0243_1.png,1
0251,MCUCXR_0251_1.png,1
0253,MCUCXR_0253_1.png,1
0254,MCUCXR_0254_1.png,1
0255,MCUCXR_0255_1.png,1
0258,MCUCXR_0258_1.png,1
0264,MCUCXR_0264_1.png,1
0266,MCUCXR_0266_1.png,1
0275,MCUCXR_0275_1.png,1
0282,MCUCXR_0282_1.png,1
0289,MCUCXR_0289_1.png,1
0294,MCUCXR_0294_1.png,1
0301,MCUCXR_0301_1.png,1
0309,MCUCXR_0309_1.png,1
0311,MCUCXR_0311_1.png,1
0313,MCUCXR_0313_1.png,1
0316,MCUCXR_0316_1.png,1
0331,MCUCXR_0331_1.png,1
0334,MCUCXR_0334_1.png,1
0338,MCUCXR_0338_1.png,1
0348,MCUCXR_0348_1.png,1
0350,MCUCXR_0350_1.png,1
0352,MCUCXR_0352_1.png,1
0354,MCUCXR_0354_1.png,1
0362,MCUCXR_0362_1.png,1
0367,MCUCXR_0367_1.png,1
0369,MCUCXR_0369_1.png,1
0372,MCUCXR_0372_1.png,1
0375,MCUCXR_0375_1.png,1
0383,MCUCXR_0383_1.png,1
0387,MCUCXR_0387_1.png,1
0390,MCUCXR_0390_1.png,1
0393,MCUCXR_0393_1.png,1
0399,MCUCXR_0399_1.png,1
